Store,Country,Title,Description,"Normal price","Offer price","Start date","End date"
Butlon,nl,"12x450ml Grolsch Dunkel Weizenbock 7,3% vol.","PRIJS INCL. 2,40 STATIEGELD, Bier","

15,99   																				","15,99 ",17.01.23,18.01.23
Butlon,nl,"2 schalen Kaasplateau 3-soorten 325g",Pittig,"10,95 ","3,00 ",17.01.23,18.01.23
Butlon,nl,"Robijn Wasverzachter Pink Sensation 750ml",30scoops,"4,75 ","1,00 ",17.01.23,18.01.23
Butlon,nl,"Robijn Wasverzachter Creations 750ml","30scoops - Paarse Orchidee","4,75 ","1,00 ",17.01.23,18.01.23
Butlon,nl,"10 pakken The Dog Cuisine Veggie Hondensnacks 100g","Garlic & Spinash","44,90 ","1,99 ",17.01.23,18.01.23
Butlon,nl,"3 pakken Coolbest Premium Orange 1L","Zondere Vruchtvlees","7,47 ","2,00 ",17.01.23,18.01.23
Butlon,nl,"5 zakken Lay's Max Ribbel Spareribs 140g",,"9,45 ","3,00 ",17.01.23,18.01.23
Butlon,nl,"Syoss Color Spray Rose Pastel 125ml",,"5,99 ","0,49 ",17.01.23,18.01.23
Butlon,nl,"Syoss Color Refresher Mousse Black 75ml",,"4,99 ","0,49 ",17.01.23,18.01.23
Butlon,nl,"5-Pack Flowflex Covid-19 Corona Zelftest",,"9,96 ","6,99 ",17.01.23,18.01.23
